,project_id,satisfaction_score
count,250.0,250.0
mean,225.5,3.984
std,72.31297716638879,0.5709064166272654
min,101.0,3.01
25%,163.25,3.465
50%,225.5,3.95
75%,287.75,4.487500000000001
max,350.0,4.99
